pretty-print-worker.js,1
theme-switching.js,7
event-emitter.js,4
DevToolsUtils.js,5
event-parsers.js,1
dbg-transport.js,1
dbg-script-actors.js,1
dbg-browser-actors.js,1
dbg-server.js,1
dbg-webconsole-actors.js,1
dbg-profiler-actors.js,1
scratchpad.js,1
main.js,1
app-actor-front.js,1
transport.js,1
child.js,1
root.js,1
webbrowser.js,1
script.js,1
webconsole.js,1
gcli.js,1
profiler.js,1
styleeditor.js,1
webapps.js,1
childtab.js,1
utils.js,1
network-helper.js,1
client.js,1
css-logic.js,1
protocol.js,1
tracer.js,1
styles.js,1
string.js,1
inspector.js,1
device.js,1
package.js,1
estraverse.js,1
escodegen.js,1
connection-manager.js,1
toolbox-overlay.js,1
