Console.jsm,224
scratchpad-manager.jsm,6
Loader.jsm,38
dbg-server.jsm,13
CssLogic.jsm,1
WebConsoleUtils.jsm,2
dbg-client.jsm,7
gcli.jsm,9
gDevTools.jsm,28
DevToolsUtils.jsm,3
SimpleListWidget.jsm,1
VariablesView.jsm,3
DevToolsExtensions.jsm,7
Target.jsm,6
inspector.jsm,1
EventEmitter.jsm,1
NetworkHelper.jsm,2
responsivedesign.jsm,3
_Promise.jsm,1
Require.jsm,2
WebConsoleClient.jsm,1
SourceMap.jsm,2
Toolbox.jsm,1
LayoutHelpers.jsm,3
Devices.jsm,4
Templater.jsm,1
DeveloperToolbar.jsm,1
Simulator.jsm,1
ViewHelpers.jsm,3
source-editor.jsm,2
Tracer.jsm,23
BuiltinCommands.jsm,1
SideMenuWidget.jsm,1
ToolboxProcess.jsm,1
